star,Teff,logg,FeH,e_FeH,Na,Mg,Al,Si,Ca,Ti,Cr,Ni,Y,Zr,La,Ce,Nd,sFe,hsls,Mass_dC16,logL
BD+092384,4900.0,2.5,-0.98,0.1,0.38,0.38,0.33,0.39,0.42,0.15,-0.04,-0.02,0.33,0.8,0.85,1.06,0.73,0.75,0.31,1.0,1.67
BD-01302,4200.0,1.1,-0.64,0.12,0.08,0.39,0.26,0.27,0.32,0.3,-0.04,0.03,-0.17,-0.11,0.0,0.35,0.16,0.05,0.31,2.0,3.01
BD-083194,4900.0,3.0,-0.1,0.16,0.12,0.15,-0.01,0.09,0.05,0.09,0.12,0.03,0.95,0.95,1.94,1.27,1.35,1.29,0.57,2.0,1.45
BD-094337,4800.0,2.6,-0.24,0.21,0.42,-0.1,0.32,0.0,0.21,0.32,,0.09,1.11,1.51,,1.44,1.56,1.41,0.19,1.5,1.94
BD-142678,5200.0,3.1,0.01,0.12,0.01,0.01,0.09,0.1,0.07,0.01,0.0,0.0,1.02,0.85,1.08,0.87,0.87,0.94,0.01,2.5,1.56
BD-18821,5000.0,2.3,-0.27,0.15,0.2,0.08,0.12,0.08,0.13,-0.01,-0.13,0.03,0.88,0.51,1.44,1.28,1.09,1.04,0.58,3.0,2.32
CD-267844,5100.0,2.8,0.02,0.11,0.05,0.15,-0.03,0.1,0.07,0.0,0.0,-0.01,0.62,0.49,0.43,0.49,0.26,0.46,-0.16,3.0,1.92
CD-272233,4700.0,2.4,-0.25,0.18,0.19,0.16,0.1,0.28,0.15,0.12,-0.03,0.11,0.89,0.73,1.41,0.94,0.96,0.99,0.29,1.5,1.86
CD-298822,5100.0,2.8,0.04,0.15,0.1,0.02,0.09,0.13,0.09,-0.09,-0.02,0.01,1.06,0.81,1.49,1.06,0.91,1.07,0.22,3.0,1.9
CD-308774,4900.0,2.3,-0.11,0.14,0.24,0.1,0.08,0.23,0.14,0.0,0.0,0.04,0.73,0.27,0.59,0.38,0.31,0.46,-0.07,4.0,2.45
CD-309005,4700.0,2.3,0.05,0.12,0.09,-0.15,0.06,0.14,0.12,0.02,0.02,0.05,0.79,0.53,1.0,0.69,0.5,0.7,0.07,3.0,2.21
CD-346139,4900.0,2.2,-0.07,0.13,0.14,0.21,-0.02,0.1,0.0,-0.02,-0.05,0.0,0.57,0.69,0.88,0.64,0.47,0.65,0.03,4.0,2.57
CD-347430,4900.0,2.6,0.01,0.14,0.27,0.21,-0.01,0.22,0.09,-0.06,-0.02,0.07,0.68,0.51,0.59,0.56,0.41,0.55,-0.08,3.0,2.05
CD-38585,4800.0,2.6,-0.52,0.09,0.21,0.31,0.39,0.33,0.27,0.11,0.04,0.09,1.05,0.95,1.66,1.42,1.55,1.33,0.54,1.0,1.52
CD-422048,4400.0,1.6,-0.23,0.16,0.44,0.28,0.37,0.36,0.26,0.18,,0.05,0.95,0.96,1.56,1.12,1.22,1.16,0.34,3.0,2.85
CD-463977,4900.0,2.6,-0.1,0.15,0.03,0.06,0.01,0.15,0.07,-0.01,0.02,-0.02,0.74,0.61,0.76,0.64,0.61,0.67,0.01,3.0,2.05
CD-538144,4800.0,2.3,-0.19,0.15,0.16,0.17,0.17,0.11,0.08,0.08,-0.09,0.06,0.83,0.8,1.51,0.97,1.0,1.02,0.34,2.0,2.11
CD-611941,4800.0,2.4,-0.2,0.14,0.06,0.08,0.08,0.18,0.04,0.01,-0.02,0.01,0.73,0.68,1.56,1.15,1.08,1.04,0.56,2.0,2.02
CPD-621013,5100.0,2.6,-0.08,0.14,0.04,-0.2,0.15,0.1,0.01,-0.01,-0.01,-0.05,0.72,0.72,0.97,1.11,0.74,0.85,0.22,3.0,2.1
CPD-644333,4900.0,2.6,-0.1,0.18,0.16,0.12,0.3,0.09,0.27,-0.02,0.09,-0.03,1.13,1.12,2.52,1.41,1.41,1.52,0.65,3.0,2.01
HD102762,4400.0,1.7,-0.17,0.2,0.19,0.46,0.12,0.22,0.02,0.08,-0.06,0.0,0.85,0.86,1.99,1.23,1.3,1.25,0.65,2.0,2.57
HD105902,4700.0,2.4,-0.18,0.17,0.33,0.37,0.41,0.19,0.21,0.22,0.01,0.06,1.13,1.09,2.4,1.26,1.28,1.43,0.54,1.5,1.86
HD107264,4500.0,1.5,-0.19,0.17,0.47,0.05,0.19,0.17,0.27,0.09,-0.01,-0.03,0.6,0.89,1.7,1.05,0.93,1.03,0.48,4.0,3.1
HD107270,5400.0,2.7,0.05,0.17,0.33,0.26,0.01,0.07,-0.02,-0.02,0.04,0.1,0.64,0.73,0.42,0.28,0.25,0.46,-0.37,3.0,2.09
HD107541,5000.0,3.2,-0.63,0.11,0.21,0.44,0.39,0.44,0.28,0.36,0.15,0.11,1.53,1.35,2.52,1.87,1.83,1.82,0.63,1.0,1.0
HD109061,4700.0,2.0,-0.56,0.09,0.17,0.49,0.36,0.33,0.27,0.1,-0.01,0.08,0.68,0.44,0.8,0.77,0.67,0.67,0.19,2.0,2.38
HD110483,4900.0,2.6,-0.04,0.14,0.12,0.2,-0.01,0.09,0.19,0.09,-0.01,0.04,0.84,0.73,1.58,1.05,0.89,1.02,0.39,3.0,2.03
HD110591,4700.0,1.8,-0.56,0.12,0.21,0.4,0.24,0.35,0.28,0.01,-0.04,0.09,0.54,0.28,0.97,0.89,0.72,0.68,0.45,2.0,2.58
HD111315,4900.0,2.0,0.04,0.09,0.34,0.25,0.0,0.11,0.11,-0.06,-0.05,-0.02,0.65,0.29,0.81,0.59,0.46,0.56,0.15,4.0,2.76
HD113195,4700.0,2.1,-0.15,0.12,0.18,0.2,0.18,0.26,0.22,0.05,-0.01,0.06,0.66,0.48,0.56,0.52,0.33,0.51,-0.1,3.0,2.45
HD113291,4700.0,2.6,-0.02,0.16,0.22,-0.02,-0.04,0.09,0.03,-0.06,-0.04,-0.02,1.25,0.83,1.77,1.01,0.95,1.16,0.2,2.5,1.88
HD114678,5200.0,2.8,-0.5,0.13,0.55,0.18,0.28,0.23,0.27,0.03,0.06,0.02,1.06,1.01,1.57,1.37,1.25,1.25,0.36,3.0,1.93
HD115277,4800.0,2.4,-0.03,0.15,0.03,-0.07,0.01,0.12,0.01,0.0,0.01,0.06,0.59,0.45,0.32,0.36,0.19,0.38,-0.23,3.0,2.19
HD116869,4800.0,2.3,-0.36,0.12,0.2,0.31,0.24,0.3,0.24,0.1,0.02,0.1,0.69,0.46,1.12,1.05,0.91,0.85,0.45,2.0,2.11
HD119185,4800.0,2.0,-0.43,0.1,0.34,0.35,0.15,0.24,0.2,0.01,0.0,0.08,0.3,0.21,0.54,0.6,0.44,0.42,0.27,4.0,2.71
HD119650,4500.0,1.6,-0.1,0.13,0.05,-0.12,0.0,0.21,0.03,-0.13,-0.01,-0.01,0.41,0.17,0.31,0.27,0.25,0.28,-0.01,5.0,3.1
HD120571,4600.0,1.7,-0.39,0.09,0.06,0.09,0.13,0.26,0.22,-0.02,-0.02,0.05,0.53,0.31,1.02,0.74,0.73,0.67,0.41,4.0,2.94
HD120620,5000.0,3.3,-0.14,0.18,0.12,0.18,0.2,0.2,0.14,0.2,0.03,0.07,1.31,1.26,2.01,1.71,1.39,1.54,0.42,2.0,1.19
HD122687,5000.0,2.6,-0.07,0.13,0.1,0.0,-0.01,0.11,0.1,0.02,0.03,0.01,1.02,0.71,1.57,1.11,0.97,1.08,0.35,3.0,2.06
HD123396,4600.0,1.9,-1.04,0.13,0.07,0.44,0.28,0.36,0.3,0.14,-0.03,0.04,0.6,0.73,1.55,1.29,1.25,1.08,0.7,1.0,2.14
HD123701,5000.0,2.5,-0.44,0.09,0.31,0.31,0.2,0.14,0.23,0.17,0.05,0.08,0.72,0.94,1.56,1.2,1.14,1.11,0.47,3.0,2.16
HD12392,4900.0,3.0,-0.08,0.18,-0.07,-0.02,0.08,0.08,-0.02,-0.09,0.02,-0.02,1.15,0.83,2.02,1.45,1.44,1.38,0.65,1.5,1.33
HD123949,4600.0,2.2,-0.09,0.18,0.22,0.21,0.25,0.0,0.16,0.16,0.1,0.03,1.22,1.02,2.5,1.48,1.51,1.55,0.71,3.0,2.32
HD126313,4900.0,2.2,-0.1,0.16,0.09,0.0,0.04,0.17,0.23,0.01,-0.01,-0.04,0.81,0.7,1.58,1.13,0.93,1.03,0.46,4.0,2.55
HD130255,4400.0,1.5,-1.11,0.11,0.06,0.6,0.41,0.58,0.44,0.19,-0.02,0.05,0.32,0.36,0.39,0.51,0.36,0.39,0.08,1.0,2.46
HD131670,4700.0,2.2,-0.04,0.15,0.26,-0.01,0.11,0.18,0.13,-0.04,0.01,0.07,0.64,0.58,1.13,0.64,0.45,0.69,0.13,3.0,2.35
HD134698,4500.0,1.7,-0.52,0.12,0.28,0.38,0.39,0.31,0.22,0.21,0.02,0.06,0.56,0.59,0.65,0.53,0.4,0.55,-0.05,1.5,2.49
HD136636,4900.0,2.5,-0.04,0.18,0.09,0.25,0.07,0.12,0.01,0.02,-0.02,0.0,1.01,0.8,1.75,1.05,1.08,1.14,0.39,3.0,2.12
HD139266,4300.0,1.5,-0.27,0.18,0.24,0.2,0.26,0.26,0.21,-0.02,-0.02,0.09,0.95,0.61,1.65,0.92,0.94,1.01,0.39,2.0,2.72
HD139409,4700.0,2.1,-0.51,0.13,0.17,0.45,0.31,0.41,0.33,0.24,-0.03,0.08,0.68,0.47,0.62,0.48,0.28,0.51,-0.12,1.5,2.16
HD142491,4800.0,2.0,0.02,0.1,0.14,-0.07,-0.01,0.18,0.09,-0.04,-0.05,0.03,0.06,-0.02,0.31,0.27,0.2,0.16,0.24,4.0,2.7
HD142751,4600.0,2.0,-0.1,0.13,0.11,-0.13,0.06,0.1,0.03,0.01,-0.01,0.01,0.81,0.63,1.06,0.67,0.6,0.75,0.06,4.0,2.64
HD143899,5000.0,2.5,-0.27,0.12,0.14,0.36,0.09,0.18,0.2,-0.02,0.01,0.07,0.86,0.57,0.9,0.9,0.71,0.79,0.12,3.0,2.16
HD147136,4900.0,2.2,-0.01,0.15,0.16,-0.01,-0.02,0.14,0.02,-0.02,-0.14,-0.03,0.0,-0.05,0.34,0.26,0.16,0.14,0.28,4.0,2.55
HD147884,5100.0,3.0,-0.09,0.15,0.06,0.18,0.05,0.08,0.08,-0.04,0.05,-0.03,1.0,0.79,1.01,0.92,0.77,0.9,0.0,2.5,1.63
HD148177,4400.0,1.6,-0.15,0.15,0.37,0.37,0.15,0.24,0.07,0.0,0.04,-0.02,0.72,0.65,1.17,0.58,0.58,0.74,0.09,5.0,3.07
HD148892,5000.0,2.3,-0.15,0.15,0.26,0.15,0.01,0.19,0.16,0.01,0.01,0.03,0.88,0.59,1.21,0.71,0.7,0.82,0.14,3.0,2.36
HD154430,4200.0,1.2,-0.36,0.19,0.32,0.32,0.33,0.35,0.17,0.27,,0.1,0.93,0.97,2.0,1.33,1.31,1.31,0.6,3.0,3.16
HD15589,4900.0,3.1,-0.27,0.15,0.08,0.34,0.29,0.22,0.14,0.26,0.03,0.09,0.86,1.02,2.11,1.32,1.4,1.34,0.67,1.0,1.05
HD162806,4500.0,1.7,-0.26,0.17,0.26,0.38,0.13,0.31,0.1,0.0,-0.09,0.06,0.8,0.63,1.56,0.94,0.82,0.95,0.39,4.0,2.91
HD168214,5300.0,3.2,-0.08,0.1,0.04,0.13,0.13,0.09,0.07,-0.06,0.04,-0.04,1.02,0.96,1.01,0.86,0.77,0.92,-0.11,2.0,1.39
HD168560,4400.0,1.6,-0.13,0.13,0.06,0.16,0.04,0.26,0.11,0.01,-0.07,0.02,0.53,0.3,0.9,0.55,0.51,0.56,0.24,3.0,2.84
HD168791,4400.0,1.7,-0.23,0.17,,0.36,0.32,0.15,0.24,0.21,0.07,0.04,0.77,0.8,1.58,0.83,0.81,0.96,0.29,2.0,2.56
HD168986,4800.0,1.6,-0.1,0.11,0.23,-0.05,0.04,0.18,0.09,-0.02,-0.11,-0.05,0.07,-0.11,0.09,0.23,0.05,0.07,0.14,6.0,3.24
HD169106,4900.0,2.2,0.01,0.12,0.36,-0.22,0.01,0.28,0.1,-0.03,-0.03,0.05,0.48,0.33,0.43,0.35,0.27,0.37,-0.05,4.0,2.55
HD17067,4200.0,1.1,-0.61,0.21,0.18,0.37,0.35,0.3,0.22,0.17,0.03,0.01,0.83,0.83,1.89,1.02,1.08,1.13,0.5,1.5,2.97
HD174204,4900.0,2.1,-0.06,0.11,0.09,0.04,0.13,0.22,0.06,-0.01,-0.01,0.02,-0.11,-0.07,0.07,0.19,0.13,0.04,0.22,4.0,2.65
HD176105,4500.0,1.6,-0.14,0.12,0.18,0.06,0.13,0.28,0.11,-0.07,-0.06,0.02,0.51,0.41,0.57,0.48,0.41,0.48,0.03,5.0,3.11
HD177192,4700.0,1.7,-0.17,0.2,0.31,0.33,0.05,0.33,0.35,0.06,-0.02,0.05,0.58,0.72,0.72,0.41,0.32,0.55,-0.17,4.0,2.98
HD180622,4600.0,2.2,0.03,0.12,,0.0,0.29,0.33,,0.05,-0.01,0.07,0.61,0.41,0.48,0.27,0.41,0.44,-0.12,3.0,2.31
HD180996,4900.0,2.6,0.06,0.15,0.2,0.01,0.03,0.14,0.11,0.01,-0.03,0.08,0.61,0.49,0.59,0.51,0.37,0.51,-0.06,3.0,2.02
HD18182,4900.0,2.4,-0.17,0.1,0.29,0.32,0.15,0.28,0.19,0.0,-0.03,0.09,0.5,0.35,0.4,0.35,0.16,0.35,-0.12,3.0,2.23
HD182300,5000.0,2.7,0.06,0.16,0.24,-0.07,-0.03,0.04,0.1,-0.06,-0.02,-0.04,0.98,0.7,1.41,0.98,0.9,0.99,0.26,3.0,1.97
HD18361,4900.0,2.6,0.01,0.15,0.0,0.22,0.0,0.16,-0.03,-0.01,-0.04,0.07,0.49,0.49,0.41,0.35,0.31,0.41,-0.13,3.0,2.03
HD183915,4500.0,1.6,-0.39,0.14,0.15,0.36,,0.18,0.1,-0.01,-0.03,0.02,0.88,0.68,2.16,1.22,1.36,1.26,0.8,4.0,3.0
HD184001,5000.0,2.5,-0.21,0.14,0.45,0.35,0.11,0.29,0.21,0.1,0.02,0.1,0.57,0.64,0.7,0.67,0.47,0.61,0.01,3.0,2.16
HD187308,4900.0,2.5,-0.08,0.11,-0.04,0.03,0.01,0.08,0.06,-0.07,0.06,-0.01,0.82,0.47,0.8,0.71,0.6,0.68,0.06,3.0,2.12
HD187762,4800.0,2.4,-0.3,0.11,0.11,0.35,0.25,0.27,0.21,0.16,-0.05,0.06,0.22,0.24,0.6,0.61,0.41,0.42,0.31,2.0,2.02
HD193530,4400.0,1.6,-0.17,0.14,0.31,0.23,0.19,0.16,0.21,0.25,0.1,0.02,0.6,0.71,1.25,0.72,0.55,0.77,0.19,2.0,2.67
HD196445,4400.0,1.4,-0.19,0.17,0.28,0.58,0.07,0.06,0.28,0.25,,0.1,0.96,1.02,2.02,1.14,1.1,1.25,0.43,4.0,3.16
HD199435,5000.0,2.6,-0.39,0.12,0.27,0.28,0.01,0.19,0.07,0.05,-0.03,0.0,0.92,0.81,1.74,1.31,1.32,1.22,0.59,2.0,1.89
HD200063,4100.0,1.1,-0.34,0.2,0.24,0.39,0.23,0.14,-0.11,-0.05,,-0.08,0.88,0.62,1.33,0.93,0.88,0.93,0.3,2.0,3.04
HD200995,4600.0,2.1,-0.03,0.17,0.15,0.06,0.07,0.13,0.03,0.0,-0.03,-0.02,0.64,0.56,1.05,0.89,0.51,0.73,0.22,3.0,2.42
HD201657,4700.0,2.2,-0.34,0.17,0.25,0.41,0.27,0.25,0.14,-0.01,-0.01,0.03,0.72,0.98,1.91,1.44,1.28,1.27,0.69,2.0,2.18
HD201824,4900.0,2.3,-0.33,0.17,0.19,0.3,0.15,0.28,0.12,0.06,0.02,0.01,0.91,0.87,1.58,1.48,1.35,1.24,0.58,3.0,2.33
HD20394,5100.0,2.9,-0.22,0.12,0.21,0.21,0.18,0.23,0.21,0.11,0.01,0.05,1.0,1.14,1.7,1.28,1.3,1.28,0.36,2.0,1.63
HD204075,5300.0,1.5,0.06,0.17,0.01,0.06,0.01,0.02,0.04,-0.12,-0.05,-0.09,1.25,0.95,1.06,0.81,0.71,0.96,-0.24,6.0,3.57
HD204886,4600.0,2.1,0.04,0.15,0.19,0.04,0.03,0.06,-0.01,-0.06,0.07,-0.06,0.68,0.64,1.22,0.71,0.89,0.83,0.28,3.0,2.42
HD207277,4600.0,2.0,-0.13,0.14,0.12,0.12,-0.03,0.21,0.12,0.01,-0.08,-0.06,0.7,0.51,1.17,0.93,0.73,0.81,0.34,4.0,2.65
HD210030,4700.0,1.9,-0.03,0.11,0.07,0.12,0.08,0.11,0.12,-0.02,-0.1,0.0,0.42,0.29,0.33,0.29,0.21,0.31,-0.08,5.0,2.88
HD210709,4700.0,2.6,-0.1,0.14,-0.01,0.08,0.06,0.2,-0.01,-0.06,-0.07,0.06,0.56,0.39,0.92,0.84,0.74,0.69,0.36,2.5,1.88
HD210946,4800.0,2.1,-0.12,0.13,0.0,0.03,0.0,0.12,0.05,-0.04,-0.04,-0.03,0.77,0.56,0.81,0.66,0.61,0.68,0.03,4.0,2.61
HD211173,4700.0,2.3,-0.39,0.09,0.2,0.3,0.07,0.34,0.22,-0.03,-0.04,0.09,0.58,0.37,0.58,0.52,0.36,0.48,0.01,3.0,2.26
HD211221,4800.0,2.3,-0.11,0.09,-0.06,0.19,-0.01,0.16,0.07,-0.04,0.01,-0.02,-0.19,-0.02,0.13,0.25,0.15,0.06,0.28,3.0,2.29
HD211594,4900.0,2.4,-0.43,0.14,0.45,0.4,0.15,0.26,0.26,0.24,0.09,0.08,1.2,1.18,2.31,1.57,1.49,1.55,0.6,3.0,2.23
HD211954,4400.0,1.7,-0.51,0.19,0.37,0.53,0.39,0.35,0.39,0.36,-0.03,0.09,1.14,1.02,1.9,1.54,1.69,1.46,0.63,4.0,2.91
HD212484,4800.0,2.1,-0.56,0.07,0.08,0.22,0.18,0.22,0.08,0.03,-0.06,0.01,-0.18,0.08,0.04,-0.08,0.04,-0.02,0.05,2.0,2.31
HD213084,5000.0,2.8,-0.09,0.15,0.04,-0.03,0.05,0.08,0.07,0.0,0.03,0.02,0.8,0.72,1.1,0.91,0.89,0.88,0.21,2.5,1.78
HD214579,4400.0,1.6,-0.26,0.14,0.23,0.29,0.29,0.22,0.15,0.05,-0.01,0.05,0.52,0.76,1.16,0.86,0.81,0.82,0.3,2.0,2.66
HD214889,4900.0,2.6,-0.17,0.12,0.17,0.1,0.14,0.22,0.11,0.0,-0.06,0.06,0.69,0.53,0.71,0.63,0.44,0.6,-0.02,2.0,1.85
HD215555,5200.0,3.2,-0.08,0.12,-0.07,0.06,0.1,0.09,0.08,0.01,0.03,-0.07,0.99,0.8,0.85,0.88,0.65,0.83,-0.1,2.0,1.36
HD216809,4400.0,1.2,-0.04,0.14,,-0.03,0.17,0.0,0.17,0.08,,-0.08,0.45,0.69,0.64,0.34,0.49,0.52,-0.08,6.0,3.54
HD21682,5200.0,2.8,-0.48,0.12,0.25,0.38,0.21,0.29,0.24,0.08,0.04,0.08,0.5,0.54,0.92,0.93,0.8,0.74,0.36,3.0,1.94
HD217143,4600.0,2.1,-0.35,0.17,0.02,0.44,0.06,0.26,0.22,0.09,-0.02,0.09,0.87,0.62,1.62,1.15,1.08,1.07,0.54,2.5,2.34
HD217447,5000.0,2.5,-0.17,0.11,0.18,0.17,-0.01,0.17,0.12,-0.04,-0.08,0.0,0.93,0.6,1.09,1.01,0.84,0.89,0.21,2.5,2.09
HD219116,4900.0,2.3,-0.61,0.09,0.26,0.45,0.31,0.33,0.22,0.17,-0.02,0.08,0.59,0.65,1.21,1.07,0.97,0.9,0.46,2.0,2.15
HD21980,4800.0,2.0,-0.04,0.17,0.4,0.32,0.01,0.21,0.13,-0.01,-0.11,-0.04,-0.3,-0.3,0.1,0.14,-0.1,-0.09,0.35,4.0,2.71
HD21989,4400.0,1.8,-0.14,0.17,0.17,0.3,0.05,0.26,-0.08,-0.02,-0.01,0.05,0.66,0.42,0.93,0.61,0.51,0.63,0.14,4.0,2.77
HD221879,4300.0,1.3,-0.1,0.19,0.23,-0.04,0.26,0.0,0.11,0.07,0.0,-0.08,0.93,0.83,0.91,0.44,0.62,0.75,-0.22,6.0,3.4
HD22285,4900.0,2.3,-0.6,0.13,0.41,0.4,0.26,0.28,0.33,0.15,0.02,0.1,0.96,0.99,1.45,1.28,1.23,1.18,0.35,2.0,1.99
HD223586,4700.0,2.9,-0.08,0.11,0.12,0.28,0.22,0.2,0.17,0.15,0.02,0.08,0.88,0.82,1.05,0.89,0.82,0.89,0.07,1.5,1.35
HD223617,4700.0,2.3,-0.18,0.13,0.27,0.24,0.17,0.2,0.21,0.01,-0.11,0.07,0.7,0.73,1.03,0.67,0.62,0.75,0.06,2.0,2.72
HD223938,5000.0,2.9,-0.42,0.11,0.18,0.27,0.16,0.3,0.25,0.06,-0.02,0.05,0.72,0.53,0.92,0.97,0.84,0.8,0.28,2.0,1.59
HD22772,4800.0,2.4,-0.17,0.13,0.28,0.17,0.07,0.3,0.18,-0.04,-0.06,-0.08,0.9,0.78,1.24,0.91,0.83,0.93,0.15,2.0,2.01
HD24035,4700.0,2.5,-0.23,0.15,0.18,0.19,0.38,0.34,0.27,0.11,-0.04,0.06,1.35,1.2,2.7,1.58,1.58,1.68,0.68,1.5,1.76
HD252117,4600.0,1.8,-0.14,0.19,0.42,0.38,0.16,0.09,0.09,-0.07,0.09,0.0,0.92,0.84,1.84,1.11,1.07,1.16,0.46,4.0,2.81
HD26886,5000.0,2.5,-0.3,0.1,0.2,0.36,0.13,0.3,0.24,0.04,-0.01,0.06,0.44,0.5,0.79,0.76,0.61,0.62,0.25,3.0,2.17
HD273845,4800.0,2.5,-0.15,0.16,0.15,0.3,0.06,0.2,0.11,0.06,-0.01,0.08,0.99,0.66,1.57,1.4,1.27,1.18,0.59,2.0,1.92
HD288174,4800.0,2.3,-0.05,0.15,0.03,-0.01,0.03,0.16,-0.03,-0.03,-0.08,0.0,0.9,0.6,1.2,0.82,0.69,0.84,0.15,3.0,2.29
HD29370,4800.0,2.1,-0.25,0.16,0.28,0.38,0.24,0.11,0.12,0.07,-0.07,0.05,0.83,0.71,1.61,1.03,1.0,1.04,0.44,3.0,2.49
HD29685,4900.0,2.7,-0.07,0.14,-0.09,0.05,0.0,0.07,0.11,0.02,0.03,0.01,0.69,0.46,0.78,0.66,0.54,0.63,0.09,2.5,1.86
HD30240,5100.0,2.7,0.02,0.15,-0.02,-0.03,-0.05,0.05,0.07,-0.03,0.01,-0.06,0.83,0.57,0.84,0.69,0.62,0.71,0.02,3.0,1.99
HD30554,4800.0,2.5,-0.12,0.14,-0.08,0.05,0.02,0.08,-0.04,0.0,-0.01,-0.04,0.82,0.57,1.07,0.92,0.77,0.83,0.23,3.0,2.09
HD31812,5100.0,2.6,-0.07,0.11,-0.05,0.1,0.02,0.1,0.07,-0.05,-0.04,-0.04,0.7,0.62,0.63,0.55,0.41,0.58,-0.13,3.0,2.09
HD32712,4600.0,2.1,-0.24,0.16,0.19,0.31,0.13,0.15,0.05,0.01,-0.01,0.03,0.74,0.56,1.53,1.16,1.19,1.04,0.64,2.0,2.24
HD32901,4400.0,1.6,-0.44,0.14,0.12,0.37,0.26,0.27,0.15,0.11,-0.02,0.09,0.35,0.23,1.07,0.84,0.85,0.67,0.63,2.0,2.66
HD33409,4800.0,1.9,-0.59,0.1,0.34,0.29,0.11,0.34,0.21,0.01,-0.09,0.09,0.32,0.1,0.11,0.16,0.06,0.15,-0.1,3.0,2.69
HD33709,5000.0,2.1,-0.2,0.14,0.17,0.19,0.18,0.17,0.14,-0.01,-0.03,-0.02,0.5,0.23,0.52,0.52,0.32,0.42,0.09,4.0,2.69
HD35993,5100.0,2.9,-0.05,0.12,0.03,-0.02,0.0,0.06,0.14,0.0,0.03,0.01,0.9,0.92,1.44,1.15,1.08,1.1,0.31,2.5,1.73
HD36650,4800.0,2.3,-0.28,0.13,0.29,0.35,0.23,0.3,0.2,0.08,-0.03,0.03,0.55,0.46,0.83,0.68,0.57,0.62,0.19,2.0,2.11
HD38488,4400.0,2.0,0.05,0.1,,-0.14,0.06,0.03,,0.11,0.06,0.09,0.97,0.7,1.26,0.78,0.89,0.92,0.14,3.0,2.45
HD39778,5000.0,2.5,-0.12,0.12,-0.04,-0.02,-0.02,0.09,0.11,-0.02,-0.02,-0.05,0.85,0.72,1.09,1.05,0.81,0.9,0.2,3.0,2.16
HD40430,4900.0,2.5,-0.23,0.13,0.15,0.23,0.07,0.18,0.18,-0.02,-0.03,0.08,0.76,0.58,0.91,0.89,0.74,0.78,0.18,2.0,1.96
HD4084,4800.0,2.8,-0.42,0.15,0.35,0.42,0.31,0.35,0.12,0.28,0.08,0.1,0.69,1.02,1.1,0.84,0.74,0.88,0.04,2.0,1.62
HD41701,5000.0,2.6,0.02,0.13,0.11,0.25,0.0,0.19,0.15,-0.02,0.01,0.04,0.48,0.22,0.52,0.4,0.24,0.37,0.04,3.0,2.06
HD42700,4800.0,2.2,-0.25,0.13,0.18,0.24,0.18,0.34,0.18,-0.04,-0.11,0.08,0.02,0.16,0.25,0.25,0.15,0.17,0.13,3.0,2.39
HD43389,4500.0,1.5,-0.5,0.17,0.38,0.51,0.43,0.26,0.44,0.04,,0.09,0.94,1.34,2.65,1.36,1.49,1.56,0.69,4.0,3.16
HD45483,4800.0,2.2,-0.14,0.12,-0.03,0.27,0.1,0.13,0.02,0.0,-0.01,-0.04,0.75,0.55,0.82,0.56,0.44,0.62,-0.04,4.0,2.52
HD48814,4800.0,2.3,-0.07,0.11,0.05,-0.01,-0.01,0.15,0.07,-0.01,-0.01,0.05,0.52,0.26,0.29,0.33,0.21,0.32,-0.11,3.0,2.29
HD49017,5100.0,2.8,0.02,0.11,0.07,0.13,-0.02,0.1,0.04,-0.01,-0.01,-0.02,0.11,0.07,0.31,0.49,0.25,0.25,0.26,3.0,1.9
HD49641,4400.0,1.5,-0.3,0.17,0.24,0.1,0.07,0.22,0.07,-0.02,0.04,0.05,0.89,0.53,1.86,1.04,1.14,1.09,0.64,3.0,2.94
HD49661,5000.0,2.4,-0.13,0.1,0.19,0.01,0.02,0.18,0.08,0.02,-0.04,-0.01,0.12,0.19,0.42,0.39,0.18,0.26,0.17,4.0,2.27
HD49778,5000.0,2.3,-0.22,0.12,0.41,0.26,0.26,0.19,0.23,0.02,0.05,0.02,0.12,0.21,0.4,0.39,0.32,0.29,0.2,3.0,2.37
HD50075,4900.0,2.5,-0.16,0.11,-0.08,0.21,0.04,0.17,0.1,0.0,0.02,0.0,0.72,0.54,1.08,0.99,0.83,0.83,0.34,2.0,1.97
HD50843,4700.0,2.3,-0.31,0.13,0.15,0.22,0.31,0.27,0.2,-0.05,-0.03,0.09,0.26,0.15,0.67,0.75,0.52,0.47,0.44,2.0,2.08
HD51315,4800.0,1.8,-0.05,0.12,0.18,0.05,0.0,0.18,0.09,-0.02,-0.11,-0.04,0.04,0.34,0.21,0.1,0.0,0.14,-0.09,5.0,3.01
HD51959,5000.0,3.2,-0.1,0.15,0.04,0.06,0.07,0.1,0.1,0.08,0.03,0.02,0.61,0.76,0.99,0.87,0.81,0.81,0.2,2.0,1.29
HD53199,5000.0,2.3,-0.23,0.13,0.28,0.18,0.12,0.19,0.21,-0.04,-0.02,0.03,0.68,0.7,1.06,0.93,0.77,0.83,0.23,3.0,2.36
HD5322,4800.0,1.7,-0.18,0.13,0.22,0.15,0.05,0.26,0.14,-0.02,-0.12,0.02,0.03,0.03,0.32,0.21,0.11,0.14,0.18,4.0,3.02
HD5424,4700.0,2.4,-0.41,0.18,0.02,0.27,0.14,0.23,0.18,0.03,0.09,0.07,1.17,0.98,2.51,1.68,1.61,1.59,0.86,1.5,1.86
HD58121,4600.0,1.8,-0.01,0.13,0.23,-0.1,0.1,0.25,0.01,-0.01,0.0,0.04,0.41,0.26,0.5,0.36,0.16,0.34,0.01,5.0,2.87
HD5825,5000.0,2.7,-0.48,0.08,0.22,0.31,0.13,0.31,0.25,0.12,0.06,0.06,0.85,0.65,1.28,1.12,0.93,0.97,0.36,2.0,1.79
HD58368,5000.0,2.6,0.04,0.14,0.11,-0.13,0.08,0.12,0.06,-0.01,-0.04,0.02,0.85,0.6,1.13,0.86,0.69,0.83,0.17,3.0,2.06
HD59852,5000.0,2.2,-0.22,0.1,0.44,0.18,0.08,0.19,0.22,-0.06,-0.03,0.01,0.4,0.27,0.39,0.41,0.3,0.35,0.03,4.0,2.58
HD61332,4700.0,2.1,0.07,0.13,0.38,0.13,0.17,0.16,0.15,0.0,0.0,0.05,0.47,0.35,0.66,0.39,0.42,0.46,0.08,4.0,2.58
HD62017,5000.0,1.8,-0.32,0.14,0.26,0.32,0.36,0.28,0.36,0.02,-0.02,-0.01,0.8,0.63,0.99,0.81,0.59,0.76,0.08,4.0,2.99
HD64425,4900.0,2.4,0.06,0.16,0.2,-0.02,0.1,0.05,0.14,-0.01,-0.01,0.04,0.89,0.83,1.27,0.94,0.98,0.98,0.2,3.0,2.23
HD66291,4600.0,1.5,-0.31,0.15,0.38,0.36,0.31,0.27,0.36,0.2,0.02,0.09,0.74,0.57,0.94,1.09,0.59,0.79,0.22,4.0,3.15
HD67036,4300.0,1.5,-0.41,0.13,0.22,0.28,0.39,0.27,0.21,0.18,0.04,0.05,1.01,0.82,1.71,0.97,1.03,1.11,0.32,2.0,2.72
HD71458,4600.0,2.2,-0.03,0.1,0.02,-0.04,0.05,0.03,0.1,0.02,-0.01,-0.01,0.68,0.51,0.97,0.66,0.67,0.7,0.17,2.5,2.25
HD749,4700.0,2.6,-0.29,0.15,0.13,0.38,0.23,0.27,0.12,0.12,-0.02,0.1,0.95,0.82,1.46,1.0,0.89,1.02,0.23,2.0,1.79
HD74950,4200.0,1.2,-0.21,0.13,0.17,0.23,0.23,0.26,0.1,0.21,0.02,0.1,0.63,0.58,1.22,0.72,0.71,0.77,0.28,3.0,3.16
HD82221,4400.0,1.6,-0.21,0.18,0.22,0.3,0.3,0.26,0.15,0.0,0.0,0.07,0.9,0.79,1.2,0.8,0.77,0.89,0.08,2.0,2.66
HD83548,5000.0,2.4,0.03,0.14,0.1,0.18,0.02,0.17,0.13,-0.02,0.06,0.0,0.69,0.71,0.92,0.77,0.62,0.74,0.07,4.0,2.36
HD84610,4900.0,2.5,0.0,0.14,0.18,0.3,0.04,0.08,0.16,0.02,0.03,0.06,0.71,0.48,0.82,0.5,0.46,0.59,0.0,3.0,2.12
HD84678,4600.0,1.7,-0.13,0.16,0.54,0.18,0.29,0.22,0.01,-0.04,,-0.09,1.09,1.21,2.04,1.52,1.74,1.52,0.62,4.0,2.94
HD88035,4900.0,2.4,-0.1,0.18,-0.03,0.15,0.03,0.04,-0.02,-0.06,-0.06,-0.02,0.87,0.8,1.74,1.14,1.06,1.12,0.48,3.0,2.23
HD88495,4900.0,3.0,-0.11,0.1,0.12,0.15,0.08,0.21,0.11,0.03,0.01,0.1,0.68,0.66,0.79,0.75,0.43,0.66,-0.01,2.0,1.45
HD88562,4300.0,1.6,-0.27,0.15,0.21,0.28,0.24,0.22,0.18,0.14,0.01,0.03,0.75,0.9,1.34,1.0,1.06,1.01,0.31,1.5,2.51
HD88927,4600.0,2.3,0.02,0.13,0.08,0.0,0.12,0.17,0.15,-0.03,-0.11,0.0,0.49,0.32,0.3,0.31,0.12,0.31,-0.16,2.5,2.14
HD89175,4900.0,2.1,-0.55,0.13,0.18,0.39,0.33,0.19,0.27,0.08,0.03,0.06,1.02,1.04,2.22,1.7,1.72,1.54,0.85,2.0,2.36
HD89638,4900.0,2.4,-0.19,0.11,0.29,0.15,0.09,0.2,0.15,-0.07,-0.04,0.03,0.55,0.37,0.71,0.78,0.54,0.59,0.22,3.0,2.23
HD90127,4600.0,2.2,-0.4,0.1,0.33,0.41,0.33,0.35,0.24,0.15,-0.01,0.07,0.72,0.67,1.19,0.83,0.74,0.83,0.22,1.5,2.0
HD90167,5000.0,2.6,-0.04,0.11,0.03,0.06,0.03,0.07,0.13,-0.05,0.03,0.02,0.53,0.48,0.32,0.39,0.22,0.39,-0.19,3.0,2.07
HD91208,5100.0,3.0,0.05,0.14,0.02,0.01,0.1,0.08,0.08,-0.01,0.01,0.0,0.94,0.61,0.81,0.84,0.67,0.77,0.0,2.5,1.62
HD91979,4900.0,2.7,-0.11,0.12,0.14,0.16,0.07,0.19,0.11,-0.03,0.01,0.03,0.78,0.69,1.09,0.93,0.73,0.84,0.18,3.0,1.93
HD92626,4800.0,2.3,-0.15,0.22,0.22,-0.07,0.25,0.22,0.15,0.05,0.06,0.09,0.99,1.21,2.51,1.74,1.69,1.63,0.88,2.0,2.11
HD95193,5000.0,2.7,0.04,0.12,0.03,0.14,-0.02,0.16,0.05,-0.02,0.0,0.03,0.75,0.48,0.68,0.46,0.39,0.55,-0.1,3.0,1.97
HD95345,4500.0,1.8,-0.16,0.1,0.06,0.26,0.06,0.25,0.09,-0.03,-0.04,0.09,0.12,-0.1,0.17,0.31,0.22,0.14,0.22,2.0,2.5
MFU112,4900.0,2.4,-0.43,0.15,0.4,0.33,0.37,0.13,0.26,0.09,0.0,0.07,0.99,1.26,2.38,1.62,1.39,1.53,0.67,3.0,2.23
MFU214,4800.0,2.4,0.0,0.12,-0.07,0.01,-0.07,0.12,-0.03,-0.01,-0.03,0.03,0.6,0.31,0.25,0.19,0.16,0.3,-0.26,3.0,2.19
MFU229,4900.0,2.6,-0.01,0.11,0.1,-0.04,0.02,0.13,0.05,-0.06,0.02,0.05,0.67,0.56,0.57,0.51,0.4,0.54,-0.12,3.0,2.03
